"","group","median","sd"
"1","Layer1",0.154019448357396,0.17864538225862
"2","Layer2",0.475068530427967,0.252204585853915
"3","Layer3",0.424880605251649,0.218897679786899
"4","Layer4",0.40806656671864,0.185124988772152
"5","Layer5",0.421719908227849,0.156051334398587
"6","Layer6",0.493921795961639,0.124685343780026
"7","WM",0.626736688293506,0.111290469220495
