"","group","median","sd"
"1","Layer3",0.245625923808809,0.152339643405181
"2","Layer4",0.282990394396808,0.140249684897574
"3","Layer5",0.384837298148449,0.126807106175433
"4","Layer6",0.441589308665264,0.128721987656123
"5","WM",0.483699066932084,0.128451184379793
