"","group","median","sd"
"1","Layer1",0.198943870183798,0.140772876132374
"2","Layer2",0.231014458895045,0.136595947249676
"3","Layer3",0.335117027843194,0.138686300620042
"4","Layer4",0.442452890131467,0.113800465674267
"5","Layer5",0.526034673260964,0.113031374110587
"6","Layer6",0.606788732365734,0.0865901558734091
"7","WM",0.679455298601748,0.064470683959494
