"","group","median","sd"
"1","Layer1",0.189178260633007,0.147671923495415
"2","Layer2",0.306682267733961,0.170925778943968
"3","Layer3",0.283823556147635,0.177371625129722
"4","Layer4",0.310880781437735,0.16033475607749
"5","Layer5",0.325589566076085,0.150248652008729
"6","Layer6",0.37731238824046,0.134700679520405
"7","WM",0.552764364605649,0.104304660092355
