"","group","median","sd"
"1","Layer1",0.208281053268522,0.139732872918143
"2","Layer2",0.351957713674652,0.18622600289134
"3","Layer3",0.363037044631935,0.186154628760291
"4","Layer4",0.355365480062785,0.172475933030016
"5","Layer5",0.384256607145443,0.14975876498441
"6","Layer6",0.44325366585986,0.141320344200917
"7","WM",0.626016853441947,0.118685455958056
