"","group","median","sd"
"1","Layer1",0.212517556251342,0.15375562145406
"2","Layer2",0.199590703756467,0.137133253784138
"3","Layer3",0.249105617452126,0.143513436977813
"4","Layer4",0.384913825671047,0.129044347097029
"5","Layer5",0.496253533366634,0.117886051216469
"6","Layer6",0.509793886120562,0.122359318351796
"7","WM",0.645103658469303,0.129656513663322
