"","group","median","sd"
"1","Layer1",0.187514111252809,0.167648365392419
"2","Layer2",0.40666475047655,0.246452953662222
"3","Layer3",0.408384658107067,0.219309420733451
"4","Layer4",0.45675376503599,0.188278691572407
"5","Layer5",0.440555390729101,0.15894958820468
"6","Layer6",0.488706349981301,0.122356649431308
"7","WM",0.631659202672739,0.113713453525755
