"","group","median","sd"
"1","Layer3",0.227206257962406,0.136836901919176
"2","Layer4",0.276954258650024,0.127134755649102
"3","Layer5",0.351045497768639,0.124872810396624
"4","Layer6",0.410705326063522,0.127413776612128
"5","WM",0.440894459083027,0.151120784456534
