"","group","median","sd"
"1","Layer1",0.252530403204514,0.184798896186719
"2","Layer2",0.263730088092511,0.166796003477036
"3","Layer3",0.341144381242619,0.161180367970948
"4","Layer4",0.414824202727001,0.120246299770432
"5","Layer5",0.468893829390011,0.0975912354236254
"6","Layer6",0.527435860991588,0.0773841371352227
"7","WM",0.586847701219648,0.0662481899656655
