"","group","median","sd"
"1","Layer1",0.182850006551085,0.156905104836389
"2","Layer2",0.414142048912799,0.238987141184158
"3","Layer3",0.404529800380053,0.212066928247357
"4","Layer4",0.433713562003921,0.18155456009671
"5","Layer5",0.422592168346491,0.155551355092788
"6","Layer6",0.481337334019138,0.126933536748408
"7","WM",0.623186508121396,0.11633167382103
