"","group","median","sd"
"1","Layer3",0.253255192641948,0.152837074780972
"2","Layer4",0.330805681821903,0.158162126860343
"3","Layer5",0.386610503751046,0.150023949233117
"4","Layer6",0.497851593912446,0.14214684331381
"5","WM",0.552384182232836,0.108275078234417
