"","group","median","sd"
"1","Layer1",0.202865409148947,0.150255053656419
"2","Layer2",0.196402708483338,0.142325436811784
"3","Layer3",0.237407894907841,0.13896717744907
"4","Layer4",0.377195042531555,0.125455029364853
"5","Layer5",0.465464400260658,0.107794015139785
"6","Layer6",0.475671031431022,0.126703329387119
"7","WM",0.643373208698139,0.099459272644238
