"","group","median","sd"
"1","Layer1",0.185490805260873,0.170945852518
"2","Layer2",0.501822127345392,0.237701798444282
"3","Layer3",0.491261920947984,0.227663887879952
"4","Layer4",0.469046838411899,0.197539680598819
"5","Layer5",0.440762501866766,0.163991782139819
"6","Layer6",0.462455401219036,0.122063406985138
"7","WM",0.563868481550939,0.116735318013122
