"","group","median","sd"
"1","Layer1",0.197329648331798,0.138248614724038
"2","Layer2",0.240193568861839,0.141861819292885
"3","Layer3",0.338599407477968,0.137529247776075
"4","Layer4",0.440474973248037,0.111503487438145
"5","Layer5",0.517061341457862,0.106592625325505
"6","Layer6",0.60441227477659,0.0948704974081041
"7","WM",0.668523321707473,0.0731724127707
