"","group","median","sd"
"1","Layer3",0.191315896370629,0.118493493245797
"2","Layer4",0.232051098863993,0.121775076038264
"3","Layer5",0.30071982703756,0.118377193356874
"4","Layer6",0.385275023816039,0.121931622021851
"5","WM",0.439002679184076,0.148134754736176
