"","group","median","sd"
"1","Layer3",0.30779397572519,0.172537942077569
"2","Layer4",0.385190677341988,0.16749968907067
"3","Layer5",0.451664873509091,0.160890189857129
"4","Layer6",0.508141816371664,0.144347426435665
"5","WM",0.5488848738229,0.122789497936516
