"","group","median","sd"
"1","Layer1",0.240255483126917,0.152601697488472
"2","Layer2",0.353867531118287,0.183631984507315
"3","Layer3",0.313657354383713,0.175096703514685
"4","Layer4",0.316142939683562,0.165512787275421
"5","Layer5",0.329445092871112,0.158000302950507
"6","Layer6",0.370241108939219,0.155729000111993
"7","WM",0.561472005763911,0.149685887044217
