"","group","median","sd"
"1","Layer1",0.2470702882514,0.181520935269487
"2","Layer2",0.262781383790348,0.164536341303683
"3","Layer3",0.340610688561663,0.157089613956383
"4","Layer4",0.406174683937556,0.117651037790995
"5","Layer5",0.452262168904713,0.0993829574730475
"6","Layer6",0.50233497936029,0.0805657395578744
"7","WM",0.556258025801653,0.0753562265453451
