"","group","median","sd"
"1","Layer1",0.225655560210892,0.159129720879418
"2","Layer2",0.211424789985437,0.139624630253975
"3","Layer3",0.33716323824874,0.152204558091647
"4","Layer4",0.48293479743954,0.124066049233649
"5","Layer5",0.565867716737722,0.113451241713318
"6","Layer6",0.602508116180567,0.137504702339824
"7","WM",0.750928506255946,0.0847669530980976
