"","group","median","sd"
"1","Layer3",0.276555298295095,0.167438211850936
"2","Layer4",0.33390703086893,0.160356384532328
"3","Layer5",0.389158060584608,0.155820607433449
"4","Layer6",0.484958161328985,0.14571028717906
"5","WM",0.542676479853011,0.11110714837842
